{"he": [1.0501594914534185, 0.8324699914628827, 3.1468300655875927, 0.28826081997317576, -0.1456937314507214, 2.5830782646107613, 2.7900322790844867, -1.6048385871405533, -1.3154151472544082, -0.09191435256620561, -0.38088276975436763, 2.018761723957043, -0.36769993130497713, 1.0967023190922545, 0.7838287853266219, -1.347024399004098, -1.203137573088571, 1.681769836844997, -1.9593306335027285, 1.6225759488392164, -6.856725974826408, 3.549229129145991, -0.19926640660098258, -0.13340669141116712, -0.08721323271570469, 1.9298064035582119, -1.9046875647798973, 1.7357335807947, 0.2611670150673212, -0.20524619545961859, 1.5864655843327629, 3.6544791188181236, 0.9375167429425695, -4.388780703762134, 0.9242813106021094, -0.7342481488836996, -1.4101759412549872, 0.686499462107694, -0.49995284226846726, 1.5867422873999286, -2.7220603176084737, -0.5578189863282443, 0.637573265756346, 0.8032834821645944, -1.0824329607415308, 0.03295116272128429, 1.7405681646022058, -0.258740195109591, -0.4627181588858412, -0.2092631229434455, -0.3102235809553382, 0.8273329224951513, -0.8878781953072422, -0.145214357329065, -4.872435174394891, -3.6724397943386657, -1.2220425824015886, -2.5840817706969874, -0.7317240785180322, -0.07462633651958694, 1.2356914798271292, -0.6241371896990455, -0.15194674465982572, -3.6749143027933586, 0.4681106648765587, -0.3836351252166794, 0.02828863225677375, 0.8465083677060682, 1.680337687279248, -1.6680565996463117, -1.660246487492478, -2.1521741116947544, -1.9501885362302174, 1.6135287717645896, 1.9537760378457434, 1.3732039618518426, 1.9632929007738011, 0.4657532276404326, -0.28747933545562276, -1.1380272486183654, 0.6170301988356344, -1.6413244572029542, 1.7090966977170559, -0.2086292546277686, -0.9089690705073755, 1.1042738809589965, 0.7712392072546654, -0.5624694167118189, 0.36408599993704605, -1.113461965791423, -1.3841051698005231, -1.384171639586127, 0.650382041180781, 0.9452070482080088, -0.9916201164478347, -0.07924885326758613, -1.074199498211212, -2.392931512933026, -1.5742561665874115, -0.10799883668621363], "is": [-1.6780538521491846, -3.2626116532428844, 0.5491339989697478, -0.5501845374433738, 1.721165771203657, 2.368861948543957, 0.6809069806258758, 0.7683663229137011, -1.8656416847506847, 1.2120412317318636, -0.2991990568044005, 0.9033975013471844, -0.7067375251398235, -0.3425367472579449, 1.557181544530443, 2.1268735266343346, -0.47397520240554514, 1.428506647111709, -2.036395267054528, 1.6960731819350578, 0.5877730990461091, -0.9313696305309397, -0.7338829991215808, -1.686715193196042, -2.547873895414595, -1.5893515781368275, -2.875077879368751, 1.1253495170244279, -1.1314776733460596, -0.9350357525025825, 1.9262011839699842, -2.2237035104908855, 1.0649303300146158, -1.472180474545458, 1.2087189321871201, 1.2140091873838394, 1.5306024294564473, 0.7299019760044221, -0.756572661688486, 1.320370662461214, 1.0121565278772033, 1.115101224828416, 1.9334590759248456, 1.8130654376455535, -1.660925621149819, -1.6474778245247097, 2.149461194910726, 0.39532424723933, -2.306643674844715, 2.175571536133224, 2.296531653075138, -0.3468658604683323, 0.6924249708330545, 1.1619457951042977, 0.9866918297083247, 0.9923942075130089, -1.3338691682037571, 0.38724509044022315, -0.9850484400303117, 1.086870210707127, 0.13993896636148573, -0.7274847095973592, 0.5059054618447953, -0.17524329705649633, -0.1372673642976484, -2.3255078592607616, -1.60151806523593, -0.8371991661076701, -0.2224364406687887, 0.9014694338619699, -0.07557153397521288, -2.782703266637726, -1.3639558200167463, -1.6037783527305665, 0.7978971664739916, 2.7210443283161094, -1.0748839649888753, -0.9480478831589871, -0.6382543381106865, 0.6231060489580633, -1.239753677303012, -0.8441196270077296, 1.022594344452993, -2.8988193896131187, 1.3689121012523382, 3.633912674783227, 2.6614503320438776, 1.899635553815542, -2.352167701706018, -1.197968086274563, 0.7492589357600213, -0.10133106393430191, -1.3455523458480456, -3.4832835024046447, -2.105652146938282, -0.9480219601034205, -0.012026971658413266, -3.1087369138444902, -2.8782393067469796, -0.3373592446736164], "the": [0.8011364391095646, -0.8498168917027, 0.6252605930563664, -1.501997299305276, 2.0564403441441694, 1.5686024193218253, -1.2893222243740936, -1.3660033036144368, 2.4974873800164485, -0.6121505527947377, 0.6044233168505306, 1.324819007020312, -0.8732575552619334, -1.4673328122792648, 1.1110629406390768, 2.4527383761010606, -0.3205641704978963, -0.16244377347349226, 0.40167380915223205, 1.1671104598689217, -2.614558115357684, 0.35981519343378077, 0.23562899423779077, -0.9156525450526134, -2.3244528498570136, -0.3891493374951731, -2.2727502044797236, 0.8248547518638288, -0.08810011009030527, 0.4801488843450282, 0.7773090332005476, 1.0704622244187552, 2.4236479654822007, -1.2427737296160761, -2.303479941697483, 0.448685662544094, 2.414175662868132, 0.6687851143182799, 1.062499794028219, -0.7362485880522225, -0.9075230783773808, -0.3546995829869579, 2.020685106313612, 0.20802991520259329, -0.4208729644624075, -0.8224639659078525, -0.08376272726643097, 1.6564947369872665, -0.7383045446738006, 0.4020571113073354, 1.8615343237836053, 1.1242344556310695, -0.7080380364039839, -1.643885947785166, 1.4555689046219615, -0.856302636155073, -1.388375181352377, -0.037192083173691604, -0.13661066779086795, 0.4463258193511605, 1.4719266285462471, -2.5140405687760814, -0.6118286641909343, -2.547350153759597, 0.9638415484267947, -1.0735480605480436, 0.16640931284758337, 0.9834385211793616, 1.695050220311885, 1.5515161281073437, 0.29880495901398396, -2.299055112062438, -0.050865739496284534, 1.266168529851062, 0.7292851297073868, 2.049550578243257, 1.251658069904954, -1.1802244043263488, -1.501465677409559, 0.09883031092456142, -1.48796301760963, -1.216707173992296, 1.6815006600313471, 0.09415727791855022, -1.088364389425873, 2.8371572104721983, 2.176751300097548, 2.8897813197351754, -0.8994413379199868, 0.7762840050701317, 2.511352053319011, -0.16068950099357718, 0.61836980654486, -0.8246796684594278, -0.6930962252661641, 1.1760293157503652, -1.176087847977698, -1.9692937220966686, -0.11866126009256295, -0.7353825230535451],