{
    "anarchism": [
        1.7738707790629762,
        -0.981762683560103,
        -1.039814497230136,
        3.435504912553449,
        2.1193888174701074,
        -0.9154347211945564,
        1.9229234187104356,
        1.4513206612262421,
        -0.05880592242339777,
        -0.07517452060194296
    ],
    "originated": [
        -1.1050652728496504,
        -0.6847079695896496,
        0.6925797777892616,
        0.08742463401122502,
        2.622121750269255,
        -0.44708919693334837,
        0.9087542405157342,
        1.794824246707665,
        -2.0241499571983446,
        -0.9051616071537891
    ],
    "as": [
        -0.2797247673811738,
        1.1372139137495951,
        -0.04642566754336053,
        2.12448248734664,
        1.9901498696914488,
        0.28243263875644437,
        1.234361638672472,
        2.7385627379721473,
        -2.5334073129458017,
        -0.7254937380646052
    ],
    "a": [
        -1.039939127268127,
        -0.07492639988643901,
        -0.9332190411758512,
        1.5529026092847524,
        1.0207016995523555,
        0.4166116119887093,
        0.34205717030391775,
        1.2031854143905045,
        -1.9475624485363787,
        -1.746877582992811
    ],
    "term": [
        -1.9190072390916488,
        0.8967628806912437,
        0.3831833908469685,
        3.0642019905883267,
        2.092820393007871,
        1.7788924101358898,
        0.8028338982742984,
        -0.5263955079193186,
        -0.6202802435065073,
        -1.2838615287818216
    ],
    "of": [
        -0.07290140945372872,
        -0.11310285156830338,
        0.0407653604060354,
        0.7252626132266747,
        0.8419631609778914,
        1.6229188726369044,
        0.3407447724363219,
        2.114883353120451,
        -1.9691829557604041,
        -1.401565613239624
    ],
    "abuse": [
        -0.12540359215153976,
        -0.9372476092045794,
        0.3138677064065569,
        2.479875991589308,
        -0.17530312694773587,
        2.02609261599218,
        0.09986248299028422,
        0.3737905493654557,
        -1.2239011622760338,
        0.17047702481298477
    ],
    "first": [
        -0.5157732191681919,
        0.7351990134789704,
        -0.17437130737123785,
        1.8316297833025912,
        2.8056561986985624,
        -0.5398055333976364,
        0.6549572437765553,
        1.9034902267401275,
        -2.0181799443339794,
        -0.3920351633431525
    ],
    "used": [
        3.3605376056883944,
        1.2290138363905798,
        -0.6993620492875854,
        1.4842983799445357,
        2.5695967064288987,
        0.646967304357958,
        0.323969917725055,
        0.7456380139058412,
        -1.7448358811309639,
        -0.9388737138138059
    ],
    "early": [
        0.3380243420819119,
        -1.2917876435476405,
        -0.9280305559951738,
        -0.7813978134994832,
        0.423448771714412,
        1.0242460338259245,
        -0.09253974503826201,
        0.5873242898861767,
        -0.005502180094597575,
        -0.01690129138008556
    ],
    "working": [
        0.4150821942281104,
        -0.8531736535807581,
        -2.86955571766654,
        2.860158113191922,
        0.3350572297607137,
        2.3673141007760954,
        0.9892911472384087,
        -0.5445803760271781,
        0.029762804374068863,
        -1.8215270135151012
    ],
    "radicals": [
        -0.06844788357044325,
        0.6804336318815493,
        -1.2246812540189362,
        0.5091585124667908,
        1.3996317973298147,
        0.33847546128899525,
        0.4184852740251671,
        0.7338203667678767,
        0.8423577233954663,
        0.054354814226063586
    ],
    "including": [
        -0.8759658174573792,
        -1.1277410482979635,
        -1.3735585765873075,
        0.12677827152054344,
        1.0978651699393898,
        1.2809656666807085,
        0.5469685535402821,
        -0.03682843197476593,
        -0.34132604127888444,
        -0.42533695388819204
    ],
    "hmm": [
        1.156965966284245,
        0.1401699411202881,
        -1.821275169638358,
        0.9278322372558037,
        1.4425709274928091,
        0.14509786418657955,
        2.7127925092276266,
        0.8992672071047367,
        -1.6858692290078015,
        -0.7425629597511533
    ]
}