{"he": [-0.10286386536694458, 0.16494087004645616, -1.6945796909380588, -0.6672334004627006, 0.35096814073303917, 0.5944657813841562, -1.0782955233959521, -0.2241648625125237, -0.16067599499989416, -1.5507796203797097, 1.6568952221077038, 1.0377936570972965, -0.2881178576536725, -1.9859963683816604, 0.2777383059136291, 1.434163091278797, -0.4717764588245824, -0.44736501685887164, 0.14361800400198776, -1.534861357905288, -1.8800790536322491, -0.8480792475613526, 0.4789084581950487, -0.5109917363701189, -0.14736447716655177, -1.2491207432373854, -1.1114114154188153, 2.5815623056946975, -0.8069620607458371, -0.7609003171441722, -0.1202264955188701, 0.22713987812902436, 0.5654092310748251, 2.550289491814374, 0.46366742711744374, 0.12701412453075636, -0.9234216416338186, -0.12271156690143267, 1.4778328768279483, -1.571677226454801, 0.9386045917393242, 0.6382964213545663, 1.150049386961431, -0.9081397424136569, 1.5449153183450925, 1.204395145370772, 3.4704618145866006, -0.741557907649888, 1.3014530829021136, -2.8163882354328207, 1.4097632766490842, -1.6734542318365524, 1.8151634936980683, -0.06263810016649131, 1.5450530003959102, 1.9285622315422857, -1.7613719268939096, 0.9302378517165775, -0.17549535167663877, -0.6757698193790133, 1.0491213239242547, 0.10948789161606981, 0.3641832711946649, -2.0227269618495707, -0.7774792380129427, -0.2986969525192553, -1.809041701798321, 0.05362160859871459, -1.0940996885876741, 1.3595179289475943, -0.6079690207737397, -2.399303778363307, -0.14316245247132225, 0.2093389595142412, -1.8344643425588325, -1.1474746740623487, -0.261354710748206, -1.2350224266815055, -0.3311792717498727, -0.8096713422755702, -1.068886216190485, -0.6138129708232855, -3.118204161778614, -1.3337109501090438, 0.9146677656796464, 1.6584886651068107, 3.2631210022985444, -1.6538434932646815, -0.6412070475461504, -1.1585671575638852, 0.4984891941694234, 1.303646324743132, 3.0137943587378597, -3.288546162833452, 0.6261476684650813, 2.491670074174499, 0.5784298225124461, 1.5033306408727518, 0.7582132559425488, 0.2819738192473403], "is": [1.2230347741794874, -0.5184530753889417, -0.15092337242027998, 0.6242562387103431, 1.308808129407449, -1.118386365803104, 0.32496943381327914, -0.17664870173425523, 0.206960674406408, -0.09527693751876515, 0.8574888786407573, -0.18603233172116151, -0.5130525340274097, -1.1581993861922937, -0.029850993038831986, 0.25729516116468765, 0.29074717403934147, 0.18021013523869506, -1.5596372416291437, -0.7996411001361563, 0.02982768488589882, 1.2249589847871145, -1.9163740072508226, -1.7545627686822056, -1.2393236404396664, -3.5528923668973373, -0.5072419285126796, 1.618231582348768, 0.08597798629211328, -0.3668096236299445, -0.7139819261318721, -0.4375762865011844, 0.3731234023032093, 1.8869345019457582, -0.1815934631184687, -0.10556730252202098, -0.891058221029024, 0.3311112995333561, 1.5696693301221956, -1.3580725819690804, -1.6071570692959602, 2.2082579940541702, -0.4423515745973372, 2.495110096073566, -0.13604831465385547, -0.5438725872761192, 1.3271978746654804, -0.4095734113838132, 0.9585752955402971, -3.344755722949845, 3.241326381956189, 0.08874459832369419, 0.20184703779741442, 1.2390834427218047, 1.773409701400621, 1.6398050880414694, -0.6411497446292516, -1.1446129179595104, 1.245550273089199, -2.8028916728690105, 0.8345650072710232, 0.5401436919780414, -1.5726402947848184, -0.44470730540732206, -2.7130483966627237, 0.03397210447383653, -1.3630205991035211, 0.5013815573537282, -0.6363003699524417, 0.7547022791414417, -0.686633965777276, -1.405483548826771, -2.933251835260946, -2.541871975381753, -1.2204935933804766, -0.3758936467436592, 0.4765156426063395, 2.0847488088016677, -1.182075593326207, 0.6311405795196915, 1.463550057304182, -1.1486048685988275, -1.1326885746877475, -0.39400684823885856, 1.917293096257406, 0.6011070838492268, 0.4072194450237836, -1.9537481893358923, -2.1807120712270507, -1.544323040611574, -1.133652246780753, -0.058598539680782935, 1.7040848593354925, -0.42624097093922875, -0.2421187680165714, 0.4153178968001107, -1.2654857314615557, 1.806134951351921, 0.28931627164674, -0.7237511208263007], "the": [1.9191398305047485, -0.40516551503022336, -0.05516339913761803, -0.3026889986961544, 0.7031004624464565, -0.20207893668050708, 0.06480029756200334, 0.17617972190394415, -0.21086346827039026, -0.8496187639057844, 0.9823956642823166, -2.266147939601355, -3.8972203668975283, -2.199883474610482, -0.7759386120993612, -1.4051311435417662, -0.5360804721138727, 2.342573927511055, -0.3780976224901937, -3.05926368941818, -0.5508280272151097, -0.24557637706002536, -1.4406485825968294, -3.543133912144639, -0.40674166378431276, -2.095522851790055, -0.15904629584426266, -0.16948092794801795, -0.8096790208522494, 0.0024412116647326843, -1.6182719693080159, -1.9573163675423664, 0.01043795323795249, -0.4343672587683443, -0.05210226840165677, -0.3711774990950753, -1.5770755165020092, 0.396652648640693, 1.7440359293980099, -2.443398205052076, -0.5468271835504174, 0.5075745675502472, 1.8264030721440514, -1.3712219756546244, 1.8890076789933459, -2.011211512056341, 4.435700316259834, -0.20024436472355517, 1.00891996550828, -0.8616253690693044, 3.8432445670002946, -0.1951509638414612, 0.8607399951593726, -1.388737780319041, 0.027424819738030237, 1.0871461527148156, -1.7335812336330636, -1.3651187591578093, 1.2399329927327005, -1.6804017908006723, -1.95604357699184, 1.312664541870383, -1.4301185740320264, -0.49160189488641165, -1.6782278854623403, -0.8709824997037721, -1.9872862814410366, 0.5202638835334686, 0.16403125807003438, 2.545001253279831, 0.8267718159732416, -0.7013509386318575, -0.425134240990601, -0.6952197504371824, 1.0164046110700369, 0.37566224483521204, -0.5707356204134968, 2.168048299845872, 1.94832907489164, 1.6941696671485, 1.6198127978145085, -1.1326337637964399, -1.1932205899393118, 2.33154668790091, -0.16853443979805727, 2.1675314670501313, 1.1909943302214587, -0.9775155216943434, -0.1658006241745218, -3.1449720953091127, 0.23473698263252119, 0.11532276103149919, 2.0635674084242033, -0.9579705440767107, 0.7188470793490551, 1.9256740494387135, 0.29276745875766297, 2.981828368630549, 1.5687818519184105, 1.530893826234674],