{"anarchism": [-1.0770804059392334, 0.05206745981238814, -1.009460676266525, -1.1729253782767919, 0.3468120453830713, -1.0850212718159546, 1.499456386788226, -1.3128660738351148, -2.0289620274347366, 0.3189921245203898], "originated": [-2.5942100915374855, 1.0928521411638004, -3.3432629111676073, -1.8718558879848937, 1.0261427329924184, -1.501450947196097, 0.17710738727314723, -3.0115022024652625, -1.61975349410942, 0.5124576292142132], "as": [0.02571889231849478, 0.0943281285080384, -3.714441151534718, -1.6962916555407446, 1.7971794497382139, 0.4603878241716528, 2.489163756385473, -1.190353394066682, -0.009145672588060538, 0.2582918035357323], "a": [0.061940399330479456, -1.277605827785373, -2.371702884435475, -2.2323979257832733, 0.02039208271914239, -0.7699581912712109, -0.3796649193246317, -0.29686494875446673, -1.2357278548549688, -0.030030007815265825], "term": [-1.8579416185924016, -0.24957136299460392, -2.669003514572244, -1.1242364968897238, 0.40064938775706127, 0.26069312033612246, 1.3697826345662376, -0.5140160364920003, -1.5851898415079815, -0.6641160603278815], "of": [-0.3510667726472799, 1.4551148721893423, -0.4292567445667008, -2.0293914784665765, -0.9823691713686178, 0.45019005814698493, 0.3492958774830701, -0.09389990311428176, -0.08454185453232466, 1.1925546239923888], "abuse": [0.41089114191348164, 0.6098098999666625, -3.4881578036336847, -2.9131057275275056, 0.4474097306441098, 0.24111286622325306, -0.8357162566569836, 2.590126379700612, -1.9735949078981851, -0.4750625355784299], "first": [-3.4600759391397435, 1.4180883324410483, -1.623523831031092, -1.7252227839427574, 0.28961730043626954, 0.1262036190774443, 0.5228475531189625, -0.2995660536219552, -1.7803604510887165, -0.10916298333995206], "used": [-1.4120952333948937, 1.338267887652944, -1.724277929402335, -2.7539832544660947, -0.15406073617358818, -1.311707161389302, 0.5709050685563402, 0.05959309323705675, -1.8793303431217265, -0.9270422444903033], "early": [-0.8407694758387954, 0.2576272090727496, -2.0705117886826847, -1.4390226669481327, 2.226935702837316, 0.7702917204470531, -1.1557294100695, -0.21055348682953517, -2.0612797192992245, 0.6248303168814329], "working": [-1.3920043682908068, 0.33005460751844556, -2.786506442034078, -2.481049350090882, 0.8825515025878432, 0.7520196556987904, -0.6197472432917142, 0.7843506930370253, -1.8586389077888108, -0.9009103222575388], "radicals": [-2.100423014683247, -0.7337825802707176, -2.1583212330860104, -2.196790550969722, 1.1859341990705474, -2.577681542390999, -0.49208353448003295, 0.4070320174841692, -1.3984755464122116, 1.5109270945329216], "including": [-0.06593553269172103, -1.356568284964655, -1.1260387730565629, -1.679104528644349, 2.2666743138440935, 1.4390489713148396, 1.0395196699580174, -0.6041794856527973, -0.7283334740316237, 1.5139136752190308], "hmm": [-1.1428283139553672, 0.1141661494526649, -1.3849884027437056, -2.950832726914247, 2.015809268701796, -0.4793294493245922, -0.1657147202910423, -1.4170433464277488, -1.2931142417865031, -0.45539859463646604]}