{"he": [-1.2835998477211255, 0.5700437963550008, 1.779034984611461, -1.441842539540614, -0.18506350855133835, -0.7666200212966932, 1.7919489172341483, -1.34915709118087, 0.828891218014853, -0.9390964700096236], "is": [-0.05881749383502591, 0.15040657864704865, 0.5099758087158127, 0.7519929234185323, -0.1377244947966707, -0.5399999552665995, 4.5518381389885665, 0.0694304086763726, 0.35413858766505646, 0.0961215037801122], "the": [-0.5005599607710298, -2.3948264884545027, 2.136943114289171, 2.1751826838150037, 0.9478858290502407, -1.4287165884507094, 3.251342414907356, -1.442330394400843, -1.1376823321554013, 0.23948730670915308], "king": [-0.18972785709130746, -1.470730192187315, 1.703893662913884, 2.0822676158314835, -0.0959866106833937, -0.001423599134970005, 5.216755413992212, 0.6285892920391638, 0.17696658377711344, -1.1570870526676926], "royal": [0.6026943698712246, 0.476349670428336, 1.4623309655043868, 2.233920170538285, -0.20666979940634414, -0.4866257375720118, 2.4022450873988497, -1.9866958665207897, -1.8552577920079012, 0.3365345847931472], "she": [3.3200089821634746, 1.268855503243865, 0.6185691410591448, 1.2845687685919454, -0.09414253364324993, 0.37654715959181984, 1.9989205225442679, -2.0945918240288446, -1.17437692454783, 0.06373319082591539], "queen": [0.27615206233447037, -0.7524436474382763, 1.8812748325424657, 0.715312755361299, 2.3080919767947066, -0.99445975947969, 1.1474430251083285, -1.3847209596221963, 0.3975306702780624, -0.46433573392274946]}